
	<!DOCTYPE project [
		<!ELEMENT project (objectids-table | current-scenario | duration | aggregation-period | truncated-mean | percentile)* >
	
		<!ELEMENT objectids-table (objectids-entry)* >
		<!ELEMENT objectids-entry (#PCDATA)>
		<!ELEMENT duration (#PCDATA)>
		<!ELEMENT truncated-mean (#PCDATA)>
		<!ELEMENT percentile (#PCDATA)>
		<!ELEMENT aggregation-period (#PCDATA)>
		<!ELEMENT current-scenario (#PCDATA)>
		<!ATTLIST duration
		    value CDATA #REQUIRED>
	    <!ATTLIST aggregation-period
		    value CDATA #REQUIRED>
		<!ATTLIST objectids-entry
		    objectid CDATA #REQUIRED
		    type CDATA #REQUIRED
		    value CDATA #REQUIRED
		    key CDATA #REQUIRED>
		<!ATTLIST truncated-mean
		    centered-interval CDATA #REQUIRED
		    percentage CDATA #REQUIRED>
		 <!ATTLIST percentile
		    percentage CDATA #REQUIRED>
	]>


<!--****** RUNTIME PROJECT ******--><project>
<!--****** CURRENT SCENARIO ******-->
<current-scenario>PetStoreScenario</current-scenario>
<!--****** OBJECTIDS ******-->
<objectids-table>
<objectids-entry key="" objectid="0" type="LG_HOST" value="localhost:7100"/>
<objectids-entry key="" objectid="1" type="ZONE" value="Zone par défaut"/>
<objectids-entry key="Zone par défaut¤Population1¤" objectid="2" type="POPULATION" value="Population1"/>
<objectids-entry key="Zone par défaut¤Population1¤Buyer_auto_corelation" objectid="57" type="VIRTUAL_USER" value="Buyer_auto_corelation"/>
<objectids-entry key="Zone par défaut¤Population1¤Buyer_auto_corelation" objectid="58" type="BASIC_LOGICAL_CONTAINER" value="$parent=Buyer_auto_corelation;$index=0"/>
<objectids-entry key="Zone par défaut¤Population1¤Buyer_auto_corelation" objectid="59" type="BASIC_LOGICAL_CONTAINER" value="$parent=Buyer_auto_corelation;$index=1"/>
<objectids-entry key="Zone par défaut¤Population1¤Buyer_auto_corelation" objectid="60" type="BASIC_LOGICAL_CONTAINER" value="3e29233d-2faf-420c-bc25-dcb0418bb9cf"/>
<objectids-entry key="Zone par défaut¤Population1¤Buyer_auto_corelation" objectid="61" type="HTTP_PAGE" value="81933d91-082f-4f61-b1a8-45af54f73744"/>
<objectids-entry key="Zone par défaut¤Population1¤Buyer_auto_corelation" objectid="62" type="ACTION" value="1721ab24-f18e-4f11-837d-b607dfd5bf38"/>
<objectids-entry key="Zone par défaut¤Population1¤Buyer_auto_corelation" objectid="63" type="BASIC_LOGICAL_CONTAINER" value="e6261125-adcd-46ba-baf3-d4e9c46ee6ef"/>
<objectids-entry key="Zone par défaut¤Population1¤Buyer_auto_corelation" objectid="64" type="HTTP_PAGE" value="6135a0b8-14ea-431f-9470-828130efb108"/>
<objectids-entry key="Zone par défaut¤Population1¤Buyer_auto_corelation" objectid="65" type="ACTION" value="55c45468-37e1-41fc-a2d2-83153a5d0730"/>
<objectids-entry key="Zone par défaut¤Population1¤Buyer_auto_corelation" objectid="66" type="BASIC_LOGICAL_CONTAINER" value="b10a5299-8635-451e-9785-ad5cc6355c6b"/>
<objectids-entry key="Zone par défaut¤Population1¤Buyer_auto_corelation" objectid="67" type="HTTP_PAGE" value="178e2667-2dab-4926-9d9e-786078c4c1b0"/>
<objectids-entry key="Zone par défaut¤Population1¤Buyer_auto_corelation" objectid="68" type="ACTION" value="572b52dc-49b8-4ccf-9ae7-8b3577c8a9e4"/>
<objectids-entry key="Zone par défaut¤Population1¤Buyer_auto_corelation" objectid="69" type="BASIC_LOGICAL_CONTAINER" value="445c863a-9be9-420b-a77b-2c5ab7cbedfe"/>
<objectids-entry key="Zone par défaut¤Population1¤Buyer_auto_corelation" objectid="70" type="HTTP_PAGE" value="ccb12362-4f83-4ad1-82dd-d027364fa52e"/>
<objectids-entry key="Zone par défaut¤Population1¤Buyer_auto_corelation" objectid="71" type="ACTION" value="c7fbff59-2175-449b-ac13-60ac97a922a9"/>
<objectids-entry key="Zone par défaut¤Population1¤Buyer_auto_corelation" objectid="72" type="BASIC_LOGICAL_CONTAINER" value="bef08ba9-e09c-4708-bcfc-6fc4c183ce8f"/>
<objectids-entry key="Zone par défaut¤Population1¤Buyer_auto_corelation" objectid="73" type="HTTP_PAGE" value="895d69eb-b15e-4bbf-bfa6-eb44e29b7478"/>
<objectids-entry key="Zone par défaut¤Population1¤Buyer_auto_corelation" objectid="74" type="ACTION" value="2e94935d-8552-41ee-886f-c13b7366ef48"/>
<objectids-entry key="Zone par défaut¤Population1¤Buyer_auto_corelation" objectid="75" type="BASIC_LOGICAL_CONTAINER" value="a0dd4963-d999-407b-928e-3e33edaf4876"/>
<objectids-entry key="Zone par défaut¤Population1¤Buyer_auto_corelation" objectid="76" type="HTTP_PAGE" value="2a9ecc5b-131b-4065-986c-eef9a3d8f6c2"/>
<objectids-entry key="Zone par défaut¤Population1¤Buyer_auto_corelation" objectid="77" type="ACTION" value="519df737-d498-4272-bb7c-bd0496a41a17"/>
<objectids-entry key="Zone par défaut¤Population1¤Buyer_auto_corelation" objectid="78" type="BASIC_LOGICAL_CONTAINER" value="2d971e9c-839c-4391-9cd0-11f79557ca03"/>
<objectids-entry key="Zone par défaut¤Population1¤Buyer_auto_corelation" objectid="79" type="HTTP_PAGE" value="ae1c72fa-0480-410f-8cb2-370b4a57c17b"/>
<objectids-entry key="Zone par défaut¤Population1¤Buyer_auto_corelation" objectid="80" type="ACTION" value="af23ec76-7f89-41ec-be7b-1f071c4dc079"/>
<objectids-entry key="Zone par défaut¤Population1¤Buyer_auto_corelation" objectid="81" type="BASIC_LOGICAL_CONTAINER" value="46ef2a1e-bd34-424c-a9e7-2f7782c1d150"/>
<objectids-entry key="Zone par défaut¤Population1¤Buyer_auto_corelation" objectid="82" type="HTTP_PAGE" value="316599e4-0f95-4a09-9e27-44f1e894dab5"/>
<objectids-entry key="Zone par défaut¤Population1¤Buyer_auto_corelation" objectid="83" type="ACTION" value="c4c7b21f-170f-4b9c-9886-cf488aa677d8"/>
<objectids-entry key="Zone par défaut¤Population1¤Buyer_auto_corelation" objectid="84" type="BASIC_LOGICAL_CONTAINER" value="f2f73890-0022-481f-85f1-8eade128f69c"/>
<objectids-entry key="Zone par défaut¤Population1¤Buyer_auto_corelation" objectid="85" type="HTTP_PAGE" value="811c633e-413b-4007-8cdd-88eebfabd46b"/>
<objectids-entry key="Zone par défaut¤Population1¤Buyer_auto_corelation" objectid="86" type="ACTION" value="091b9f53-8829-4a25-870d-86c3c8d1f2a4"/>
<objectids-entry key="Zone par défaut¤Population1¤Buyer_auto_corelation" objectid="87" type="BASIC_LOGICAL_CONTAINER" value="81f5e00e-a88d-4c63-b63f-b266986d43e2"/>
<objectids-entry key="Zone par défaut¤Population1¤Buyer_auto_corelation" objectid="88" type="HTTP_PAGE" value="9aa24a4e-66be-4b01-940f-56441df75c12"/>
<objectids-entry key="Zone par défaut¤Population1¤Buyer_auto_corelation" objectid="89" type="ACTION" value="8fab2f48-cfd4-4995-a19a-357b31af03a3"/>
<objectids-entry key="Zone par défaut¤Population1¤Buyer_auto_corelation" objectid="90" type="BASIC_LOGICAL_CONTAINER" value="88738564-2d1c-4901-916f-d0b899cabc2d"/>
<objectids-entry key="Zone par défaut¤Population1¤Buyer_auto_corelation" objectid="91" type="HTTP_PAGE" value="2fd31a3f-0828-47d2-9c60-3fc49f9dff70"/>
<objectids-entry key="Zone par défaut¤Population1¤Buyer_auto_corelation" objectid="92" type="ACTION" value="81c2786d-d3a3-4280-8fb1-1347c7a18e24"/>
<objectids-entry key="Zone par défaut¤Population1¤Buyer_auto_corelation" objectid="93" type="BASIC_LOGICAL_CONTAINER" value="d7b2f6f5-f23d-49d4-991f-fc7c26e6cb73"/>
<objectids-entry key="Zone par défaut¤Population1¤Buyer_auto_corelation" objectid="94" type="HTTP_PAGE" value="e539f54f-e182-4b2b-ae1a-2bf42fbcddd3"/>
<objectids-entry key="Zone par défaut¤Population1¤Buyer_auto_corelation" objectid="95" type="ACTION" value="a24252e3-66b1-41e0-a42e-9d40bb3041fa"/>
<objectids-entry key="Zone par défaut¤Population1¤Buyer_auto_corelation" objectid="96" type="BASIC_LOGICAL_CONTAINER" value="$parent=Buyer_auto_corelation;$index=2"/>
<objectids-entry key="Zone par défaut¤Population1¤Searcher" objectid="97" type="VIRTUAL_USER" value="Searcher"/>
<objectids-entry key="Zone par défaut¤Population1¤Searcher" objectid="98" type="BASIC_LOGICAL_CONTAINER" value="$parent=Searcher;$index=0"/>
<objectids-entry key="Zone par défaut¤Population1¤Searcher" objectid="99" type="BASIC_LOGICAL_CONTAINER" value="$parent=Searcher;$index=1"/>
<objectids-entry key="Zone par défaut¤Population1¤Searcher" objectid="100" type="BASIC_LOGICAL_CONTAINER" value="9b97ce8f-ffad-4cab-9a07-dde3f1e62203"/>
<objectids-entry key="Zone par défaut¤Population1¤Searcher" objectid="101" type="HTTP_PAGE" value="2901b2f0-b324-45f3-825b-adb40cacd20b"/>
<objectids-entry key="Zone par défaut¤Population1¤Searcher" objectid="102" type="ACTION" value="e8c0aaad-3011-4807-aa64-3346e581ea8b"/>
<objectids-entry key="Zone par défaut¤Population1¤Searcher" objectid="103" type="BASIC_LOGICAL_CONTAINER" value="a68aec35-0956-462d-b4ff-10a3dee92af8"/>
<objectids-entry key="Zone par défaut¤Population1¤Searcher" objectid="104" type="HTTP_PAGE" value="4f4b0d04-cc7d-4116-be37-b46e530ea39a"/>
<objectids-entry key="Zone par défaut¤Population1¤Searcher" objectid="105" type="ACTION" value="8e5d5060-894d-4bd5-ae86-c8a1bcf02b93"/>
<objectids-entry key="Zone par défaut¤Population1¤Searcher" objectid="106" type="ACTION" value="194c9ceb-f3cb-496e-ad47-c3adee2b3c7f"/>
<objectids-entry key="Zone par défaut¤Population1¤Searcher" objectid="107" type="BASIC_LOGICAL_CONTAINER" value="ddf335bb-3dda-46ec-b864-e3ce93c9fbb2"/>
<objectids-entry key="Zone par défaut¤Population1¤Searcher" objectid="108" type="HTTP_PAGE" value="9fc33b04-db31-4713-9a2a-714cfc466535"/>
<objectids-entry key="Zone par défaut¤Population1¤Searcher" objectid="109" type="ACTION" value="b7814ad2-f00c-4325-9485-303f2716fc5a"/>
<objectids-entry key="Zone par défaut¤Population1¤Searcher" objectid="110" type="BASIC_LOGICAL_CONTAINER" value="$parent=Searcher;$index=2"/>
<objectids-entry key="¤¤" objectid="111" type="MONITORED_HOST" value="35.180.156.209"/>
<objectids-entry key="¤¤" objectid="112" type="MONITORCONNECTION" value="35.180.156.209$mysql"/>
<objectids-entry key="¤¤" objectid="113" type="MONITOR" value="35.180.156.209$mysql$Connections/ threads connected"/>
<objectids-entry key="¤¤" objectid="114" type="MONITOR" value="35.180.156.209$mysql$Connections/ aborted clients"/>
<objectids-entry key="¤¤" objectid="116" type="MONITOR" value="35.180.156.209$mysql$Connections/ aborted connects"/>
<objectids-entry key="¤¤" objectid="118" type="MONITOR" value="35.180.156.209$mysql$Connections/ max used"/>
<objectids-entry key="¤¤" objectid="119" type="MONITOR" value="35.180.156.209$mysql$Select Rates/ select full join"/>
<objectids-entry key="¤¤" objectid="121" type="MONITOR" value="35.180.156.209$mysql$Select Rates/ select range check"/>
<objectids-entry key="¤¤" objectid="122" type="MONITOR" value="35.180.156.209$mysql$Read Rates/ handler read random"/>
<objectids-entry key="¤¤" objectid="123" type="MONITOR" value="35.180.156.209$mysql$Read Rates/ handler read random next"/>
<objectids-entry key="¤¤" objectid="124" type="MONITOR" value="35.180.156.209$mysql$Key Rates/ key reads (disk)"/>
<objectids-entry key="¤¤" objectid="125" type="MONITOR" value="35.180.156.209$mysql$Key Rates/ key writes (disk)"/>
<objectids-entry key="¤¤" objectid="126" type="MONITOR" value="35.180.156.209$mysql$Commands Rates/ handler rollback"/>
<objectids-entry key="¤¤" objectid="127" type="MONITOR" value="35.180.156.209$mysql$Commands Rates/ handler savepoint rollback"/>
<objectids-entry key="¤¤" objectid="128" type="MONITOR" value="35.180.156.209$mysql$Tables/ table locks waited"/>
<objectids-entry key="¤¤" objectid="130" type="MONITOR" value="35.180.156.209$mysql$Memory/ % key buffer size"/>
<objectids-entry key="¤¤" objectid="132" type="MONITOR" value="35.180.156.209$mysql$Misc./ slow queries"/>
<objectids-entry key="¤¤" objectid="134" type="MONITOR" value="35.180.156.209$mysql$Misc./ slow launch threads"/>
<objectids-entry key="¤¤" objectid="135" type="MONITOR" value="35.180.156.209$mysql$Misc./ sort merge passes"/>
<objectids-entry key="¤¤" objectid="137" type="MONITOR" value="35.180.156.209$mysql$Misc./ not flushed delayed rows"/>
<objectids-entry key="¤¤" objectid="138" type="MONITOR" value="35.180.156.209$mysql$Description/ Database Version"/>
<objectids-entry key="¤¤" objectid="139" type="MONITORCONNECTION" value="35.180.156.209$http-apache"/>
<objectids-entry key="¤¤" objectid="140" type="MONITORCONNECTION" value="35.180.156.209$tomcat"/>
<objectids-entry key="¤¤" objectid="141" type="MONITORED_HOST" value="NeoLoad"/>
<objectids-entry key="¤¤" objectid="142" type="MONITORCONNECTION" value="NeoLoad$NeoLoad"/>
<objectids-entry key="¤¤" objectid="143" type="MONITOR" value="NeoLoad$NeoLoad$UserLoad"/>
<objectids-entry key="¤¤" objectid="144" type="MONITOR" value="NeoLoad$NeoLoad$throughput"/>
<objectids-entry key="¤¤" objectid="145" type="MONITOR" value="NeoLoad$NeoLoad$Alerts"/>
<objectids-entry key="¤¤" objectid="146" type="MONITOR" value="NeoLoad$NeoLoad$CriticalAlerts"/>
<objectids-entry key="¤¤" objectid="147" type="MONITOR" value="NeoLoad$NeoLoad$WarningAlerts"/>
<objectids-entry key="¤¤" objectid="148" type="MONITOR" value="NeoLoad$NeoLoad$cpu"/>
<objectids-entry key="¤¤" objectid="150" type="MONITOR" value="NeoLoad$NeoLoad$memory"/>
<objectids-entry key="¤¤" objectid="152" type="MONITOR" value="NeoLoad$NeoLoad$threadcount"/>
<objectids-entry key="¤¤" objectid="153" type="MONITOR" value="NeoLoad$NeoLoad$connectedlg"/>
<objectids-entry key="¤¤" objectid="154" type="MONITOR" value="NeoLoad$NeoLoad$totallgdisconnections"/>
<objectids-entry key="¤¤" objectid="156" type="MONITOR" value="NeoLoad$NeoLoad$totallgreconnections"/>
<objectids-entry key="¤¤" objectid="157" type="MONITOR" value="NeoLoad$NeoLoad$otcp.NeoLoad"/>
<objectids-entry key="¤¤" objectid="158" type="MONITOR" value="NeoLoad$NeoLoad$tcp.NeoLoad"/>
<objectids-entry key="¤¤" objectid="159" type="MONITOR" value="NeoLoad$NeoLoad$ibytesperinterface~NeoLoad~wlan1"/>
<objectids-entry key="¤¤" objectid="160" type="MONITOR" value="NeoLoad$NeoLoad$obytesperinterface~NeoLoad~wlan1"/>
<objectids-entry key="¤¤" objectid="161" type="MONITOR" value="NeoLoad$NeoLoad$ibytesperinterface~NeoLoad~eth8"/>
<objectids-entry key="¤¤" objectid="162" type="MONITOR" value="NeoLoad$NeoLoad$obytesperinterface~NeoLoad~eth8"/>
<objectids-entry key="¤¤" objectid="163" type="MONITOR" value="NeoLoad$NeoLoad$ibytesperinterface~NeoLoad~wlan0"/>
<objectids-entry key="¤¤" objectid="164" type="MONITOR" value="NeoLoad$NeoLoad$obytesperinterface~NeoLoad~wlan0"/>
<objectids-entry key="¤¤" objectid="165" type="MONITOR" value="NeoLoad$NeoLoad$ibytesperinterface~NeoLoad~eth6"/>
<objectids-entry key="¤¤" objectid="166" type="MONITOR" value="NeoLoad$NeoLoad$obytesperinterface~NeoLoad~eth6"/>
<objectids-entry key="¤¤" objectid="167" type="MONITOR" value="NeoLoad$NeoLoad$ibytesperinterface~NeoLoad~eth10"/>
<objectids-entry key="¤¤" objectid="168" type="MONITOR" value="NeoLoad$NeoLoad$obytesperinterface~NeoLoad~eth10"/>
<objectids-entry key="¤¤" objectid="169" type="MONITOR" value="NeoLoad$NeoLoad$ibytesperinterface~NeoLoad~eth24"/>
<objectids-entry key="¤¤" objectid="170" type="MONITOR" value="NeoLoad$NeoLoad$obytesperinterface~NeoLoad~eth24"/>
<objectids-entry key="¤¤" objectid="171" type="MONITOR" value="NeoLoad$NeoLoad$nlwebdownload"/>
<objectids-entry key="¤¤" objectid="172" type="MONITOR" value="NeoLoad$NeoLoad$nlwebupload"/>
<objectids-entry key="¤¤" objectid="173" type="MONITOR" value="NeoLoad$NeoLoad$SapUserLoad"/>
<objectids-entry key="¤¤" objectid="174" type="MONITOR" value="NeoLoad$NeoLoad$CitrixUserLoad"/>
<objectids-entry key="¤¤" objectid="175" type="MONITOR" value="NeoLoad$NeoLoad$zoneuserload~Zone par défaut"/>
<objectids-entry key="¤¤" objectid="176" type="MONITOR" value="NeoLoad$NeoLoad$zoneuserloadperpopulation~Zone par défaut~Population1"/>
<objectids-entry key="¤¤" objectid="177" type="MONITOR" value="NeoLoad$NeoLoad$zoneuserloadperpopulation~Zone par défaut~Population1~Searcher"/>
<objectids-entry key="¤¤" objectid="178" type="MONITOR" value="NeoLoad$NeoLoad$zoneuserloadperpopulation~Zone par défaut~Population1~Buyer_auto_corelation"/>
<objectids-entry key="¤¤" objectid="179" type="MONITORED_HOST" value="Injecteur localhost:7100"/>
<objectids-entry key="¤¤" objectid="180" type="MONITORCONNECTION" value="Injecteur localhost:7100$NeoLoad"/>
<objectids-entry key="¤¤" objectid="181" type="MONITOR" value="Injecteur localhost:7100$NeoLoad$lgcpu.localhost:7100"/>
<objectids-entry key="¤¤" objectid="183" type="MONITOR" value="Injecteur localhost:7100$NeoLoad$lgmemory.localhost:7100"/>
<objectids-entry key="¤¤" objectid="185" type="MONITOR" value="Injecteur localhost:7100$NeoLoad$lgthroughput.localhost:7100"/>
<objectids-entry key="¤¤" objectid="186" type="MONITOR" value="Injecteur localhost:7100$NeoLoad$lguserloadperpopulation~localhost:7100"/>
<objectids-entry key="¤¤" objectid="187" type="MONITOR" value="Injecteur localhost:7100$NeoLoad$lgthreadcount.localhost:7100"/>
<objectids-entry key="¤¤" objectid="188" type="MONITOR" value="Injecteur localhost:7100$NeoLoad$lg.jetty.httpclient.threadpool.used.localhost:7100"/>
<objectids-entry key="¤¤" objectid="189" type="MONITOR" value="Injecteur localhost:7100$NeoLoad$lg.jetty.httpclient.taskpool.used.localhost:7100"/>
<objectids-entry key="¤¤" objectid="191" type="MONITOR" value="Injecteur localhost:7100$NeoLoad$lgdisconnections.localhost:7100"/>
<objectids-entry key="¤¤" objectid="192" type="MONITOR" value="Injecteur localhost:7100$NeoLoad$lgreconnections.localhost:7100"/>
<objectids-entry key="¤¤" objectid="193" type="MONITOR" value="Injecteur localhost:7100$NeoLoad$lgping.localhost:7100"/>
<objectids-entry key="¤¤" objectid="194" type="MONITOR" value="Injecteur localhost:7100$NeoLoad$lgotcp.localhost:7100"/>
<objectids-entry key="¤¤" objectid="195" type="MONITOR" value="Injecteur localhost:7100$NeoLoad$lgtcp.localhost:7100"/>
<objectids-entry key="¤¤" objectid="196" type="MONITOR" value="Injecteur localhost:7100$NeoLoad$lgibytesperinterface~localhost:7100~wlan1"/>
<objectids-entry key="¤¤" objectid="197" type="MONITOR" value="Injecteur localhost:7100$NeoLoad$lgobytesperinterface~localhost:7100~wlan1"/>
<objectids-entry key="¤¤" objectid="198" type="MONITOR" value="Injecteur localhost:7100$NeoLoad$lgibytesperinterface~localhost:7100~eth8"/>
<objectids-entry key="¤¤" objectid="199" type="MONITOR" value="Injecteur localhost:7100$NeoLoad$lgobytesperinterface~localhost:7100~eth8"/>
<objectids-entry key="¤¤" objectid="200" type="MONITOR" value="Injecteur localhost:7100$NeoLoad$lgibytesperinterface~localhost:7100~wlan0"/>
<objectids-entry key="¤¤" objectid="201" type="MONITOR" value="Injecteur localhost:7100$NeoLoad$lgobytesperinterface~localhost:7100~wlan0"/>
<objectids-entry key="¤¤" objectid="202" type="MONITOR" value="Injecteur localhost:7100$NeoLoad$lgibytesperinterface~localhost:7100~eth6"/>
<objectids-entry key="¤¤" objectid="203" type="MONITOR" value="Injecteur localhost:7100$NeoLoad$lgobytesperinterface~localhost:7100~eth6"/>
<objectids-entry key="¤¤" objectid="204" type="MONITOR" value="Injecteur localhost:7100$NeoLoad$lgibytesperinterface~localhost:7100~eth10"/>
<objectids-entry key="¤¤" objectid="205" type="MONITOR" value="Injecteur localhost:7100$NeoLoad$lgobytesperinterface~localhost:7100~eth10"/>
<objectids-entry key="¤¤" objectid="206" type="MONITOR" value="Injecteur localhost:7100$NeoLoad$lgibytesperinterface~localhost:7100~eth24"/>
<objectids-entry key="¤¤" objectid="207" type="MONITOR" value="Injecteur localhost:7100$NeoLoad$lgobytesperinterface~localhost:7100~eth24"/>
<objectids-entry key="¤¤" objectid="208" type="THRESHOLD" value="NeoLoad$NeoLoad$e73b25f8-ed22-4cc2-86d9-c0920cd6c342"/>
<objectids-entry key="¤¤" objectid="209" type="THRESHOLD" value="NeoLoad$NeoLoad$ef132579-10d0-4c81-83ba-a68a936386e2"/>
<objectids-entry key="¤¤" objectid="210" type="THRESHOLD" value="NeoLoad$NeoLoad$3e328e1b-0587-40b8-bcf0-c61d0c8270d1"/>
<objectids-entry key="¤¤" objectid="211" type="THRESHOLD" value="35.180.156.209$mysql$4633002f-7472-4c16-9607-4dba8360ac47"/>
<objectids-entry key="¤¤" objectid="212" type="THRESHOLD" value="35.180.156.209$mysql$2dcc8270-f82e-4fa7-81e1-481d2279b471"/>
<objectids-entry key="¤¤" objectid="213" type="THRESHOLD" value="35.180.156.209$mysql$f29956fc-44e0-484a-a86e-7a4536a4e5f5"/>
<objectids-entry key="¤¤" objectid="214" type="THRESHOLD" value="35.180.156.209$mysql$08c138f9-eeec-435f-8fe5-a61639592c14"/>
<objectids-entry key="¤¤" objectid="215" type="THRESHOLD" value="35.180.156.209$mysql$20bfe4af-1a1c-4af5-b637-0bcd3b409637"/>
<objectids-entry key="¤¤" objectid="216" type="THRESHOLD" value="35.180.156.209$mysql$b16b6c1a-82dd-4bd5-b5e7-fc3ca77c78ab"/>
<objectids-entry key="¤¤" objectid="217" type="THRESHOLD" value="35.180.156.209$mysql$29fc1377-a4d8-47af-874d-8ac8a431ef27"/>
<objectids-entry key="¤¤" objectid="218" type="THRESHOLD" value="Injecteur localhost:7100$NeoLoad$d1e0ea90-3722-474a-ad3f-ae74e537d5ec"/>
<objectids-entry key="¤¤" objectid="219" type="THRESHOLD" value="Injecteur localhost:7100$NeoLoad$97508db3-a548-47f9-932e-57be900682e2"/>
<objectids-entry key="¤¤" objectid="220" type="THRESHOLD" value="Injecteur localhost:7100$NeoLoad$97b3da03-eaff-46c6-b481-d1d3d14f7998"/>
</objectids-table>
<!--****** DURATION ******-->
<duration value="0"/>
<!--****** AGGREGATION PERIOD ******-->
<aggregation-period value="1000"/>
<!--****** EXTENDED STATISTICS ******-->
<truncated-mean centered-interval="true" percentage="90"/>
<percentile percentage="50"/>
</project>
